{"train_loss": [0.1649816841592617, 0.0288203851406867, 0.01967219608821765, 0.017134726583085146, 0.015135894671336494, 0.014178472213068451, 0.01338275566584233, 0.012640186519870027, 0.012312712940984792, 0.011622549495377549, 0.011561821665111553, 0.011287356776389942, 0.010923486263544129, 0.010819128311428505, 0.01065494064373938], "train_dice": [0.6953458464553938, 0.7957105502147567, 0.846441554566469, 0.8668057098307392, 0.8855898528801973, 0.8953079564064139, 0.9028279949807458, 0.9107140495284459, 0.9154642896293992, 0.9218219922046469, 0.9253652201683232, 0.9273551381070807, 0.9319903070953759, 0.9338646307136074, 0.9346735316093522], "val_loss": [0.043355173379845485, 0.02747530692291688, 0.02610228815501614, 0.021746213831088077, 0.022610744683683712, 0.02265112913874663, 0.01847949073327562, 0.01901577418539091, 0.01874153207931018, 0.01933818182484314, 0.021871017735135796, 0.01931759676153888, 0.02291525287686314, 0.019767765592685185, 0.020551424873142075], "val_dice": [0.7758291039820127, 0.8402130718463893, 0.8527945192076707, 0.8760541524674903, 0.8866416963596323, 0.8461359611693446, 0.8996115611024275, 0.888906995665142, 0.8990883241876598, 0.918513981756357, 0.9039613262719748, 0.9146142187817501, 0.8392400490113167, 0.9016350526637716, 0.9114778406976771], "lr": [0.0001, 0.0001, 0.0001, 0.0001, 0.0001, 0.0001, 0.0001, 0.0001, 0.0001, 0.0001, 0.0001, 0.0001, 0.0001, 0.0001, 0.0001]}