{"train_loss": [0.1918787884789359], "train_dice": [0.6966281405866447], "val_loss": [0.04584913857420011], "val_dice": [0.7056400814671474], "lr": [0.0001]}